height,ratio_1,ratio_2,ratio_3,ratio_4,ratio_5,ratio_6,ratio_7,ratio_8,ratio_9
120,0,0,0,0.5555555555555558,0.2962962962962963,0.14814814814814814,0,0,0
