ratio,cdf
0.0,0.1111111111111111
0.0,0.2222222222222222
0.0,0.3333333333333333
0.0,0.4444444444444444
0.0,0.5555555555555556
0.0,0.6666666666666667
0.0,0.7777777777777779
0.0,0.8888888888888891
0.0,1.0000000000000002
